3.400000000000000000e+01,7.700000000000000000e+01,5.300000000000000000e+01,1.186800000000000000e+05,1.229380000000000000e+05,4.569900000000000000e+04,2.744900000000000000e+04,1.558100000000000000e+04,1.534300000000000000e+04,1.929000000000000000e+04,4.619000000000000000e+03,0.000000000000000000e+00,5.000000000000000000e+00,6.000000000000000000e+00,7.000000000000000000e+00,3.000000000000000000e+00
3.800000000000000000e+01,7.500000000000000000e+01,4.710000000000000000e+02,6.444960000000000000e+05,6.302400000000000000e+04,2.272000000000000000e+04,1.092600000000000000e+04,1.749200000000000000e+04,1.697800000000000000e+04,1.081000000000000000e+04,5.177000000000000000e+03,0.000000000000000000e+00,5.000000000000000000e+00,6.000000000000000000e+00,7.000000000000000000e+00,3.000000000000000000e+00
3.500000000000000000e+01,7.500000000000000000e+01,-6.250000000000000000e+02,1.840843000000000000e+06,2.987410000000000000e+05,3.261470000000000000e+05,1.227640000000000000e+05,7.051900000000000000e+04,8.821300000000000000e+04,1.761900000000000000e+04,2.768200000000000000e+04,0.000000000000000000e+00,5.000000000000000000e+00,6.000000000000000000e+00,7.000000000000000000e+00,3.000000000000000000e+00
4.000000000000000000e+01,7.500000000000000000e+01,-7.500000000000000000e+01,1.843860000000000000e+05,8.517000000000000000e+03,1.252000000000000000e+04,2.717000000000000000e+03,2.598000000000000000e+03,4.882000000000000000e+03,7.250000000000000000e+02,1.029000000000000000e+03,0.000000000000000000e+00,5.000000000000000000e+00,6.000000000000000000e+00,7.000000000000000000e+00,3.000000000000000000e+00
5.600000000000000000e+01,7.400000000000000000e+01,-4.400000000000000000e+01,7.846200000000000000e+04,6.768000000000000000e+03,2.113000000000000000e+03,7.250000000000000000e+03,1.037200000000000000e+04,6.542000000000000000e+03,2.476000000000000000e+03,1.790000000000000000e+03,0.000000000000000000e+00,5.000000000000000000e+00,6.000000000000000000e+00,7.000000000000000000e+00,3.000000000000000000e+00
4.400000000000000000e+01,6.700000000000000000e+01,1.990000000000000000e+02,8.487800000000000000e+05,1.467610000000000000e+05,1.633700000000000000e+04,2.571900000000000000e+04,8.234000000000000000e+03,1.085700000000000000e+04,1.908000000000000000e+04,2.158000000000000000e+03,0.000000000000000000e+00,5.000000000000000000e+00,6.000000000000000000e+00,7.000000000000000000e+00,3.000000000000000000e+00
4.400000000000000000e+01,7.400000000000000000e+01,4.500000000000000000e+01,3.102430000000000000e+05,3.392600000000000000e+04,8.701600000000000000e+04,2.048100000000000000e+04,1.895400000000000000e+04,1.458700000000000000e+04,1.095700000000000000e+04,4.622000000000000000e+03,0.000000000000000000e+00,5.000000000000000000e+00,6.000000000000000000e+00,7.000000000000000000e+00,3.000000000000000000e+00
4.000000000000000000e+01,7.700000000000000000e+01,-1.070000000000000000e+02,1.091593000000000000e+06,1.785020000000000000e+05,3.634960000000000000e+05,4.772800000000000000e+04,4.628800000000000000e+04,7.400200000000000000e+04,3.596300000000000000e+04,8.917000000000000000e+03,0.000000000000000000e+00,5.000000000000000000e+00,6.000000000000000000e+00,7.000000000000000000e+00,3.000000000000000000e+00
2.400000000000000000e+01,6.900000000000000000e+01,4.000000000000000000e+00,1.118066000000000000e+06,1.155190000000000000e+05,8.217000000000000000e+03,2.613600000000000000e+04,2.431200000000000000e+04,1.490000000000000000e+04,1.359100000000000000e+04,3.967000000000000000e+03,0.000000000000000000e+00,5.000000000000000000e+00,6.000000000000000000e+00,7.000000000000000000e+00,3.000000000000000000e+00
4.700000000000000000e+01,8.000000000000000000e+01,2.680000000000000000e+02,1.605510000000000000e+05,1.416000000000000000e+04,1.128100000000000000e+04,4.987000000000000000e+03,1.873000000000000000e+03,1.257800000000000000e+04,1.510000000000000000e+03,3.710000000000000000e+02,0.000000000000000000e+00,5.000000000000000000e+00,6.000000000000000000e+00,7.000000000000000000e+00,3.000000000000000000e+00
5.100000000000000000e+01,6.900000000000000000e+01,-4.230000000000000000e+02,8.512780000000000000e+05,1.553590000000000000e+05,1.545180000000000000e+05,3.268200000000000000e+04,6.566400000000000000e+04,5.841900000000000000e+04,4.019200000000000000e+04,6.254000000000000000e+03,0.000000000000000000e+00,5.000000000000000000e+00,6.000000000000000000e+00,7.000000000000000000e+00,3.000000000000000000e+00
5.100000000000000000e+01,6.900000000000000000e+01,-2.050000000000000000e+02,1.344900000000000000e+04,6.521000000000000000e+03,1.480000000000000000e+03,2.169000000000000000e+03,6.140000000000000000e+02,1.169000000000000000e+03,5.700000000000000000e+02,1.510000000000000000e+02,0.000000000000000000e+00,5.000000000000000000e+00,6.000000000000000000e+00,7.000000000000000000e+00,3.000000000000000000e+00
5.400000000000000000e+01,6.300000000000000000e+01,7.300000000000000000e+01,1.073441000000000000e+06,7.809500000000000000e+04,1.796500000000000000e+04,7.747500000000000000e+04,2.144500000000000000e+04,3.110800000000000000e+04,8.894000000000000000e+03,1.896000000000000000e+03,0.000000000000000000e+00,5.000000000000000000e+00,6.000000000000000000e+00,7.000000000000000000e+00,3.000000000000000000e+00
5.400000000000000000e+01,6.000000000000000000e+01,3.120000000000000000e+02,1.015515000000000000e+06,1.035163000000000000e+06,1.748820000000000000e+05,3.358300000000000000e+04,1.436200000000000000e+04,1.178770000000000000e+05,5.634800000000000000e+04,4.737000000000000000e+03,0.000000000000000000e+00,5.000000000000000000e+00,6.000000000000000000e+00,7.000000000000000000e+00,3.000000000000000000e+00
4.800000000000000000e+01,6.700000000000000000e+01,4.500000000000000000e+01,5.862130000000000000e+05,2.919000000000000000e+04,2.161700000000000000e+04,6.202900000000000000e+04,1.500800000000000000e+04,2.299000000000000000e+04,1.032800000000000000e+04,3.960000000000000000e+02,0.000000000000000000e+00,5.000000000000000000e+00,6.000000000000000000e+00,7.000000000000000000e+00,3.000000000000000000e+00
4.000000000000000000e+01,7.800000000000000000e+01,-1.460000000000000000e+02,1.939899000000000000e+06,2.312600000000000000e+04,6.018900000000000000e+04,1.914800000000000000e+04,1.983800000000000000e+04,7.637000000000000000e+03,1.008600000000000000e+04,1.268000000000000000e+03,0.000000000000000000e+00,5.000000000000000000e+00,6.000000000000000000e+00,7.000000000000000000e+00,3.000000000000000000e+00
3.000000000000000000e+01,8.300000000000000000e+01,5.000000000000000000e+01,1.329800000000000000e+05,7.042300000000000000e+04,5.909600000000000000e+04,5.289600000000000000e+04,7.342000000000000000e+03,1.659200000000000000e+04,1.357800000000000000e+04,3.174000000000000000e+03,0.000000000000000000e+00,5.000000000000000000e+00,6.000000000000000000e+00,7.000000000000000000e+00,3.000000000000000000e+00
3.000000000000000000e+01,1.000000000000000000e+02,5.930000000000000000e+02,6.811480000000000000e+05,2.815490000000000000e+05,2.845800000000000000e+05,2.177500000000000000e+04,2.468300000000000000e+04,5.399600000000000000e+04,4.499800000000000000e+04,1.145500000000000000e+04,0.000000000000000000e+00,5.000000000000000000e+00,6.000000000000000000e+00,7.000000000000000000e+00,3.000000000000000000e+00
1.600000000000000000e+01,9.700000000000000000e+01,5.700000000000000000e+01,2.282935000000000000e+06,5.738730000000000000e+05,2.953630000000000000e+05,3.087250000000000000e+05,4.724100000000000000e+04,5.686400000000000000e+04,5.875800000000000000e+04,6.401000000000000000e+03,0.000000000000000000e+00,5.000000000000000000e+00,6.000000000000000000e+00,7.000000000000000000e+00,3.000000000000000000e+00
2.700000000000000000e+01,8.300000000000000000e+01,-3.850000000000000000e+02,2.551744000000000000e+06,2.019420000000000000e+05,5.112100000000000000e+04,6.836600000000000000e+04,2.325400000000000000e+04,8.114500000000000000e+04,7.625500000000000000e+04,3.899000000000000000e+03,0.000000000000000000e+00,5.000000000000000000e+00,6.000000000000000000e+00,7.000000000000000000e+00,3.000000000000000000e+00
3.400000000000000000e+01,7.700000000000000000e+01,3.160000000000000000e+02,2.034060000000000000e+05,4.929500000000000000e+04,3.331500000000000000e+04,1.437600000000000000e+04,1.129500000000000000e+04,1.239700000000000000e+04,2.161700000000000000e+04,1.389000000000000000e+03,0.000000000000000000e+00,5.000000000000000000e+00,6.000000000000000000e+00,7.000000000000000000e+00,3.000000000000000000e+00
3.400000000000000000e+01,6.300000000000000000e+01,4.900000000000000000e+01,1.977387000000000000e+06,5.554480000000000000e+05,7.051300000000000000e+04,8.961200000000000000e+04,2.797700000000000000e+04,6.294400000000000000e+04,2.101500000000000000e+04,5.448000000000000000e+03,0.000000000000000000e+00,5.000000000000000000e+00,6.000000000000000000e+00,7.000000000000000000e+00,3.000000000000000000e+00
4.700000000000000000e+01,4.100000000000000000e+01,-1.650000000000000000e+02,1.537220000000000000e+06,2.486960000000000000e+05,3.069500000000000000e+04,1.611800000000000000e+04,2.330600000000000000e+04,6.044900000000000000e+04,3.139600000000000000e+04,3.981000000000000000e+03,0.000000000000000000e+00,5.000000000000000000e+00,6.000000000000000000e+00,7.000000000000000000e+00,3.000000000000000000e+00
3.700000000000000000e+01,3.700000000000000000e+01,-9.000000000000000000e+00,1.914360000000000000e+05,3.533000000000000000e+04,8.899000000000000000e+03,1.491000000000000000e+03,2.425000000000000000e+03,4.204000000000000000e+03,2.625000000000000000e+03,3.970000000000000000e+02,0.000000000000000000e+00,5.000000000000000000e+00,6.000000000000000000e+00,7.000000000000000000e+00,3.000000000000000000e+00
4.000000000000000000e+01,2.700000000000000000e+01,9.900000000000000000e+01,9.443930000000000000e+05,6.811100000000000000e+04,4.311000000000000000e+03,2.234200000000000000e+04,7.993000000000000000e+03,1.445200000000000000e+04,1.181300000000000000e+04,2.627000000000000000e+03,0.000000000000000000e+00,5.000000000000000000e+00,6.000000000000000000e+00,7.000000000000000000e+00,3.000000000000000000e+00
4.300000000000000000e+01,2.600000000000000000e+01,-1.800000000000000000e+01,2.244261000000000000e+06,1.335780000000000000e+05,1.953300000000000000e+04,1.451000000000000000e+04,5.892000000000000000e+03,2.446200000000000000e+04,1.897500000000000000e+04,6.720000000000000000e+02,0.000000000000000000e+00,5.000000000000000000e+00,6.000000000000000000e+00,7.000000000000000000e+00,3.000000000000000000e+00
3.000000000000000000e+01,2.900000000000000000e+01,1.600000000000000000e+02,9.466710000000000000e+05,1.027390000000000000e+05,7.871000000000000000e+03,1.616300000000000000e+04,1.295200000000000000e+04,8.627000000000000000e+03,3.128300000000000000e+04,1.237000000000000000e+03,0.000000000000000000e+00,5.000000000000000000e+00,6.000000000000000000e+00,7.000000000000000000e+00,3.000000000000000000e+00
3.500000000000000000e+01,3.700000000000000000e+01,-2.090000000000000000e+02,1.618275000000000000e+06,5.500400000000000000e+04,2.213300000000000000e+04,1.574300000000000000e+04,1.106000000000000000e+04,1.151100000000000000e+04,7.832000000000000000e+03,9.830000000000000000e+02,0.000000000000000000e+00,5.000000000000000000e+00,6.000000000000000000e+00,7.000000000000000000e+00,3.000000000000000000e+00
4.400000000000000000e+01,5.000000000000000000e+01,9.800000000000000000e+01,3.128100000000000000e+05,3.401000000000000000e+03,1.785000000000000000e+03,7.945000000000000000e+03,1.706000000000000000e+03,5.526000000000000000e+03,2.256000000000000000e+03,2.850000000000000000e+02,0.000000000000000000e+00,5.000000000000000000e+00,6.000000000000000000e+00,7.000000000000000000e+00,3.000000000000000000e+00
2.900000000000000000e+01,4.300000000000000000e+01,1.800000000000000000e+01,9.202380000000000000e+05,1.022519000000000000e+06,3.212500000000000000e+04,1.065180000000000000e+05,6.148100000000000000e+04,3.656700000000000000e+04,4.139700000000000000e+04,6.454000000000000000e+03,0.000000000000000000e+00,5.000000000000000000e+00,6.000000000000000000e+00,7.000000000000000000e+00,3.000000000000000000e+00
4.000000000000000000e+01,4.700000000000000000e+01,1.080000000000000000e+02,1.986620000000000000e+05,2.709400000000000000e+04,1.742000000000000000e+03,6.152000000000000000e+03,1.071000000000000000e+03,6.629000000000000000e+03,3.095000000000000000e+03,6.640000000000000000e+02,0.000000000000000000e+00,5.000000000000000000e+00,6.000000000000000000e+00,7.000000000000000000e+00,3.000000000000000000e+00
5.400000000000000000e+01,4.400000000000000000e+01,-1.060000000000000000e+02,8.410050000000000000e+05,2.445000000000000000e+04,2.175600000000000000e+04,5.213000000000000000e+03,4.735000000000000000e+03,2.924500000000000000e+04,7.609000000000000000e+03,1.136000000000000000e+03,0.000000000000000000e+00,5.000000000000000000e+00,6.000000000000000000e+00,7.000000000000000000e+00,3.000000000000000000e+00
5.100000000000000000e+01,2.900000000000000000e+01,-7.500000000000000000e+01,1.518520000000000000e+05,2.382300000000000000e+04,1.589000000000000000e+03,6.420000000000000000e+03,1.177000000000000000e+03,8.215000000000000000e+03,3.321000000000000000e+03,7.540000000000000000e+02,0.000000000000000000e+00,5.000000000000000000e+00,6.000000000000000000e+00,7.000000000000000000e+00,3.000000000000000000e+00
6.600000000000000000e+01,2.700000000000000000e+01,-4.300000000000000000e+01,1.456184000000000000e+06,5.894890000000000000e+05,2.852500000000000000e+04,3.937600000000000000e+04,3.645600000000000000e+04,8.527200000000000000e+04,6.295900000000000000e+04,4.639000000000000000e+03,0.000000000000000000e+00,5.000000000000000000e+00,6.000000000000000000e+00,7.000000000000000000e+00,3.000000000000000000e+00
7.000000000000000000e+01,3.000000000000000000e+01,2.630000000000000000e+02,1.877258000000000000e+06,3.021500000000000000e+05,4.484400000000000000e+04,1.210610000000000000e+05,3.228600000000000000e+04,1.637450000000000000e+05,5.951700000000000000e+04,4.528000000000000000e+03,0.000000000000000000e+00,5.000000000000000000e+00,6.000000000000000000e+00,7.000000000000000000e+00,3.000000000000000000e+00
5.600000000000000000e+01,2.400000000000000000e+01,1.200000000000000000e+01,9.769510000000000000e+05,1.162970000000000000e+05,2.407000000000000000e+04,6.974000000000000000e+03,4.390000000000000000e+03,2.035700000000000000e+04,2.328400000000000000e+04,1.370000000000000000e+03,0.000000000000000000e+00,5.000000000000000000e+00,6.000000000000000000e+00,7.000000000000000000e+00,3.000000000000000000e+00
5.400000000000000000e+01,3.700000000000000000e+01,-3.500000000000000000e+01,3.707300000000000000e+05,4.296200000000000000e+04,2.871300000000000000e+04,2.182300000000000000e+04,5.367000000000000000e+03,2.160200000000000000e+04,1.474700000000000000e+04,8.540000000000000000e+02,0.000000000000000000e+00,5.000000000000000000e+00,6.000000000000000000e+00,7.000000000000000000e+00,3.000000000000000000e+00
4.800000000000000000e+01,5.600000000000000000e+01,-5.000000000000000000e+00,1.065641000000000000e+06,2.356980000000000000e+05,5.458200000000000000e+04,1.317340000000000000e+05,3.271100000000000000e+04,2.819800000000000000e+04,5.908500000000000000e+04,5.382000000000000000e+03,0.000000000000000000e+00,5.000000000000000000e+00,6.000000000000000000e+00,7.000000000000000000e+00,3.000000000000000000e+00
3.000000000000000000e+01,6.100000000000000000e+01,2.570000000000000000e+02,6.400670000000000000e+05,6.377300000000000000e+04,5.450000000000000000e+03,4.201300000000000000e+04,1.469300000000000000e+04,7.115000000000000000e+03,8.855000000000000000e+03,1.935000000000000000e+03,0.000000000000000000e+00,5.000000000000000000e+00,6.000000000000000000e+00,7.000000000000000000e+00,3.000000000000000000e+00
3.500000000000000000e+01,6.100000000000000000e+01,-5.100000000000000000e+01,1.049006000000000000e+06,1.270280000000000000e+05,9.592000000000000000e+03,2.603100000000000000e+04,8.761000000000000000e+03,2.869200000000000000e+04,2.779300000000000000e+04,1.251000000000000000e+03,0.000000000000000000e+00,5.000000000000000000e+00,6.000000000000000000e+00,7.000000000000000000e+00,3.000000000000000000e+00
3.400000000000000000e+01,6.100000000000000000e+01,-1.070000000000000000e+02,3.776510000000000000e+05,7.963500000000000000e+04,3.972500000000000000e+04,5.614600000000000000e+04,2.195000000000000000e+04,2.909400000000000000e+04,1.540800000000000000e+04,2.213000000000000000e+03,0.000000000000000000e+00,5.000000000000000000e+00,6.000000000000000000e+00,7.000000000000000000e+00,3.000000000000000000e+00
4.300000000000000000e+01,6.300000000000000000e+01,-8.900000000000000000e+01,1.780675000000000000e+06,1.908800000000000000e+05,1.757200000000000000e+05,3.810200000000000000e+04,3.414000000000000000e+04,6.950000000000000000e+04,2.278500000000000000e+04,6.997000000000000000e+03,0.000000000000000000e+00,5.000000000000000000e+00,6.000000000000000000e+00,7.000000000000000000e+00,3.000000000000000000e+00
5.000000000000000000e+01,5.600000000000000000e+01,2.650000000000000000e+02,1.066544000000000000e+06,5.825590000000000000e+05,7.580600000000000000e+04,1.212190000000000000e+05,1.393300000000000000e+04,9.231200000000000000e+04,5.091200000000000000e+04,6.538000000000000000e+03,0.000000000000000000e+00,5.000000000000000000e+00,6.000000000000000000e+00,7.000000000000000000e+00,3.000000000000000000e+00
5.100000000000000000e+01,6.900000000000000000e+01,6.000000000000000000e+00,3.048270000000000000e+05,6.660000000000000000e+04,8.496000000000000000e+03,5.363600000000000000e+04,4.498000000000000000e+03,2.924200000000000000e+04,8.595000000000000000e+03,1.702000000000000000e+03,0.000000000000000000e+00,5.000000000000000000e+00,6.000000000000000000e+00,7.000000000000000000e+00,3.000000000000000000e+00
5.600000000000000000e+01,6.400000000000000000e+01,-3.000000000000000000e+01,8.298640000000000000e+05,3.420700000000000000e+04,4.170000000000000000e+03,2.377600000000000000e+04,3.194000000000000000e+03,1.956700000000000000e+04,1.799700000000000000e+04,2.272000000000000000e+03,0.000000000000000000e+00,5.000000000000000000e+00,6.000000000000000000e+00,7.000000000000000000e+00,3.000000000000000000e+00
5.300000000000000000e+01,5.000000000000000000e+01,-1.200000000000000000e+01,1.416270000000000000e+06,1.030910000000000000e+05,1.663100000000000000e+04,1.184500000000000000e+04,9.287000000000000000e+03,1.951100000000000000e+04,7.611000000000000000e+03,8.370000000000000000e+02,0.000000000000000000e+00,5.000000000000000000e+00,6.000000000000000000e+00,7.000000000000000000e+00,3.000000000000000000e+00
5.700000000000000000e+01,4.300000000000000000e+01,2.270000000000000000e+02,3.367740000000000000e+05,1.256620000000000000e+05,1.105200000000000000e+04,1.510700000000000000e+04,8.461000000000000000e+03,2.702800000000000000e+04,1.078700000000000000e+04,1.264000000000000000e+03,0.000000000000000000e+00,5.000000000000000000e+00,6.000000000000000000e+00,7.000000000000000000e+00,3.000000000000000000e+00
4.800000000000000000e+01,4.000000000000000000e+01,-7.000000000000000000e+01,6.611580000000000000e+05,7.963100000000000000e+04,2.040500000000000000e+04,2.331100000000000000e+04,5.688000000000000000e+03,1.255900000000000000e+04,2.090800000000000000e+04,8.790000000000000000e+02,0.000000000000000000e+00,5.000000000000000000e+00,6.000000000000000000e+00,7.000000000000000000e+00,3.000000000000000000e+00
5.100000000000000000e+01,2.600000000000000000e+01,5.400000000000000000e+01,5.482970000000000000e+05,8.080500000000000000e+04,1.000800000000000000e+04,1.084200000000000000e+04,1.291100000000000000e+04,4.073500000000000000e+04,6.358000000000000000e+03,5.170000000000000000e+02,0.000000000000000000e+00,5.000000000000000000e+00,6.000000000000000000e+00,7.000000000000000000e+00,3.000000000000000000e+00
5.700000000000000000e+01,3.500000000000000000e+01,-3.900000000000000000e+01,7.569920000000000000e+05,3.205100000000000000e+05,2.299700000000000000e+04,1.946440000000000000e+05,3.614700000000000000e+04,1.582750000000000000e+05,3.055400000000000000e+04,8.593000000000000000e+03,0.000000000000000000e+00,5.000000000000000000e+00,6.000000000000000000e+00,7.000000000000000000e+00,3.000000000000000000e+00
5.000000000000000000e+01,4.100000000000000000e+01,-9.700000000000000000e+01,1.656881000000000000e+06,1.765870000000000000e+05,3.147600000000000000e+04,2.860500000000000000e+04,9.132000000000000000e+03,1.692100000000000000e+04,2.062500000000000000e+04,5.230000000000000000e+02,0.000000000000000000e+00,5.000000000000000000e+00,6.000000000000000000e+00,7.000000000000000000e+00,3.000000000000000000e+00
4.800000000000000000e+01,3.500000000000000000e+01,9.000000000000000000e+01,1.802178000000000000e+06,1.804640000000000000e+05,2.264200000000000000e+04,3.001700000000000000e+04,4.850000000000000000e+03,2.083300000000000000e+04,2.957000000000000000e+04,2.043000000000000000e+03,0.000000000000000000e+00,5.000000000000000000e+00,6.000000000000000000e+00,7.000000000000000000e+00,3.000000000000000000e+00
3.800000000000000000e+01,4.400000000000000000e+01,7.000000000000000000e+01,8.034400000000000000e+05,6.693200000000000000e+04,1.165600000000000000e+04,2.925100000000000000e+04,1.752000000000000000e+04,1.478900000000000000e+04,1.458800000000000000e+04,1.070000000000000000e+03,0.000000000000000000e+00,5.000000000000000000e+00,6.000000000000000000e+00,7.000000000000000000e+00,3.000000000000000000e+00
2.700000000000000000e+01,3.800000000000000000e+01,3.400000000000000000e+01,5.827970000000000000e+05,5.415910000000000000e+05,6.239500000000000000e+04,7.448300000000000000e+04,3.745800000000000000e+04,7.425600000000000000e+04,6.941200000000000000e+04,5.081000000000000000e+03,0.000000000000000000e+00,5.000000000000000000e+00,6.000000000000000000e+00,7.000000000000000000e+00,3.000000000000000000e+00
2.900000000000000000e+01,3.700000000000000000e+01,1.070000000000000000e+02,5.638880000000000000e+05,9.411700000000000000e+04,1.178400000000000000e+04,1.679000000000000000e+04,5.913000000000000000e+03,1.050400000000000000e+04,1.308200000000000000e+04,9.750000000000000000e+02,0.000000000000000000e+00,5.000000000000000000e+00,6.000000000000000000e+00,7.000000000000000000e+00,3.000000000000000000e+00
2.900000000000000000e+01,3.700000000000000000e+01,-5.700000000000000000e+01,2.527130000000000000e+05,3.340200000000000000e+04,4.811000000000000000e+03,4.285000000000000000e+03,1.903000000000000000e+03,2.933000000000000000e+03,9.455000000000000000e+03,5.960000000000000000e+02,0.000000000000000000e+00,5.000000000000000000e+00,6.000000000000000000e+00,7.000000000000000000e+00,3.000000000000000000e+00
4.300000000000000000e+01,3.700000000000000000e+01,1.760000000000000000e+02,2.419960000000000000e+05,5.328500000000000000e+04,9.829000000000000000e+03,7.617000000000000000e+03,2.206000000000000000e+03,2.254400000000000000e+04,7.680000000000000000e+02,4.240000000000000000e+02,0.000000000000000000e+00,5.000000000000000000e+00,6.000000000000000000e+00,7.000000000000000000e+00,3.000000000000000000e+00
3.000000000000000000e+01,3.500000000000000000e+01,-1.310000000000000000e+02,1.669000000000000000e+05,1.572070000000000000e+05,3.232700000000000000e+04,2.799300000000000000e+04,6.318000000000000000e+03,8.502000000000000000e+03,1.039500000000000000e+04,1.553000000000000000e+03,0.000000000000000000e+00,5.000000000000000000e+00,6.000000000000000000e+00,7.000000000000000000e+00,3.000000000000000000e+00
3.000000000000000000e+01,3.500000000000000000e+01,-6.500000000000000000e+01,4.153020000000000000e+05,5.773900000000000000e+04,2.071000000000000000e+03,2.357000000000000000e+03,8.080000000000000000e+02,7.304000000000000000e+03,4.665000000000000000e+03,2.510000000000000000e+02,0.000000000000000000e+00,5.000000000000000000e+00,6.000000000000000000e+00,7.000000000000000000e+00,3.000000000000000000e+00
3.000000000000000000e+01,5.400000000000000000e+01,-4.100000000000000000e+01,5.003000000000000000e+05,3.992700000000000000e+04,7.949200000000000000e+04,2.166600000000000000e+04,9.727000000000000000e+03,1.626200000000000000e+04,1.166700000000000000e+04,1.952000000000000000e+03,0.000000000000000000e+00,5.000000000000000000e+00,6.000000000000000000e+00,7.000000000000000000e+00,3.000000000000000000e+00
3.700000000000000000e+01,5.100000000000000000e+01,2.500000000000000000e+02,1.515963000000000000e+06,3.717760000000000000e+05,2.305900000000000000e+04,7.499900000000000000e+04,8.032200000000000000e+04,6.454300000000000000e+04,6.741700000000000000e+04,2.877000000000000000e+03,0.000000000000000000e+00,5.000000000000000000e+00,6.000000000000000000e+00,7.000000000000000000e+00,3.000000000000000000e+00
4.100000000000000000e+01,5.600000000000000000e+01,1.300000000000000000e+01,5.915160000000000000e+05,5.016300000000000000e+04,4.095000000000000000e+03,3.828700000000000000e+04,3.850000000000000000e+03,5.345200000000000000e+04,1.190400000000000000e+04,2.317000000000000000e+03,0.000000000000000000e+00,5.000000000000000000e+00,6.000000000000000000e+00,7.000000000000000000e+00,3.000000000000000000e+00
4.800000000000000000e+01,5.400000000000000000e+01,-1.470000000000000000e+02,3.060300000000000000e+05,1.244660000000000000e+05,2.346900000000000000e+04,1.723700000000000000e+04,1.023900000000000000e+04,1.155800000000000000e+04,1.238100000000000000e+04,1.680000000000000000e+03,0.000000000000000000e+00,5.000000000000000000e+00,6.000000000000000000e+00,7.000000000000000000e+00,3.000000000000000000e+00
4.300000000000000000e+01,2.700000000000000000e+01,7.400000000000000000e+01,9.715640000000000000e+05,2.207660000000000000e+05,9.228000000000000000e+03,2.314300000000000000e+04,1.098800000000000000e+04,1.936600000000000000e+04,1.857400000000000000e+04,8.940000000000000000e+02,0.000000000000000000e+00,5.000000000000000000e+00,6.000000000000000000e+00,7.000000000000000000e+00,3.000000000000000000e+00
4.700000000000000000e+01,2.600000000000000000e+01,3.460000000000000000e+02,1.166940000000000000e+06,9.232000000000000000e+04,1.093400000000000000e+04,8.387000000000000000e+03,8.949000000000000000e+03,1.955900000000000000e+04,9.148000000000000000e+03,2.085000000000000000e+03,0.000000000000000000e+00,5.000000000000000000e+00,6.000000000000000000e+00,7.000000000000000000e+00,3.000000000000000000e+00
4.400000000000000000e+01,2.100000000000000000e+01,3.800000000000000000e+01,6.934330000000000000e+05,3.989500000000000000e+05,1.527850000000000000e+05,5.979400000000000000e+04,7.071500000000000000e+04,3.551530000000000000e+05,1.976500000000000000e+04,5.063000000000000000e+03,0.000000000000000000e+00,5.000000000000000000e+00,6.000000000000000000e+00,7.000000000000000000e+00,3.000000000000000000e+00
5.000000000000000000e+01,3.400000000000000000e+01,-1.850000000000000000e+02,2.309979000000000000e+06,3.541890000000000000e+05,2.599020000000000000e+05,1.749280000000000000e+05,1.070790000000000000e+05,8.643000000000000000e+04,7.403800000000000000e+04,1.285300000000000000e+04,0.000000000000000000e+00,5.000000000000000000e+00,6.000000000000000000e+00,7.000000000000000000e+00,3.000000000000000000e+00
4.700000000000000000e+01,4.700000000000000000e+01,2.580000000000000000e+02,2.124980000000000000e+06,7.606600000000000000e+04,1.069900000000000000e+04,2.855700000000000000e+04,5.925000000000000000e+03,6.426000000000000000e+03,1.603000000000000000e+04,2.927000000000000000e+03,0.000000000000000000e+00,5.000000000000000000e+00,6.000000000000000000e+00,7.000000000000000000e+00,3.000000000000000000e+00
5.100000000000000000e+01,5.600000000000000000e+01,9.800000000000000000e+01,5.022310000000000000e+05,9.139400000000000000e+04,1.945900000000000000e+04,3.358100000000000000e+04,3.064000000000000000e+03,4.525000000000000000e+04,5.556000000000000000e+03,1.356000000000000000e+03,0.000000000000000000e+00,5.000000000000000000e+00,6.000000000000000000e+00,7.000000000000000000e+00,3.000000000000000000e+00
2.100000000000000000e+01,6.300000000000000000e+01,-3.210000000000000000e+02,1.320551000000000000e+06,7.480780000000000000e+05,1.714000000000000000e+05,2.298360000000000000e+05,2.125900000000000000e+04,3.385100000000000000e+04,8.672400000000000000e+04,6.057000000000000000e+03,0.000000000000000000e+00,5.000000000000000000e+00,6.000000000000000000e+00,7.000000000000000000e+00,3.000000000000000000e+00
2.000000000000000000e+01,5.600000000000000000e+01,-1.090000000000000000e+02,1.190426000000000000e+06,2.779140000000000000e+05,4.565200000000000000e+04,7.233200000000000000e+04,9.671000000000000000e+03,3.586000000000000000e+04,5.316200000000000000e+04,4.231000000000000000e+03,0.000000000000000000e+00,5.000000000000000000e+00,6.000000000000000000e+00,7.000000000000000000e+00,3.000000000000000000e+00
2.000000000000000000e+01,3.700000000000000000e+01,2.520000000000000000e+02,5.898400000000000000e+04,9.235300000000000000e+04,6.030000000000000000e+02,6.942000000000000000e+03,2.889000000000000000e+03,5.011000000000000000e+03,4.516000000000000000e+03,3.970000000000000000e+02,0.000000000000000000e+00,5.000000000000000000e+00,6.000000000000000000e+00,7.000000000000000000e+00,3.000000000000000000e+00
1.100000000000000000e+01,2.600000000000000000e+01,-3.700000000000000000e+01,2.054560000000000000e+05,2.003970000000000000e+05,2.192700000000000000e+04,1.423900000000000000e+04,3.163000000000000000e+03,3.681400000000000000e+04,5.836000000000000000e+03,1.450000000000000000e+03,0.000000000000000000e+00,5.000000000000000000e+00,6.000000000000000000e+00,7.000000000000000000e+00,3.000000000000000000e+00
3.400000000000000000e+01,2.400000000000000000e+01,1.300000000000000000e+01,1.547110000000000000e+05,2.077100000000000000e+04,7.138000000000000000e+03,7.888000000000000000e+03,4.490000000000000000e+03,8.501000000000000000e+03,3.169000000000000000e+03,5.340000000000000000e+02,0.000000000000000000e+00,5.000000000000000000e+00,6.000000000000000000e+00,7.000000000000000000e+00,3.000000000000000000e+00
3.500000000000000000e+01,2.100000000000000000e+01,7.000000000000000000e+01,8.094610000000000000e+05,3.380600000000000000e+05,6.124800000000000000e+04,6.869500000000000000e+04,4.014800000000000000e+04,5.233500000000000000e+04,4.776700000000000000e+04,1.526900000000000000e+04,0.000000000000000000e+00,5.000000000000000000e+00,6.000000000000000000e+00,7.000000000000000000e+00,3.000000000000000000e+00
5.600000000000000000e+01,4.100000000000000000e+01,-4.100000000000000000e+01,8.881920000000000000e+05,1.011620000000000000e+05,3.444200000000000000e+04,7.811800000000000000e+04,5.271000000000000000e+04,8.673700000000000000e+04,4.230600000000000000e+04,4.634000000000000000e+03,0.000000000000000000e+00,5.000000000000000000e+00,6.000000000000000000e+00,7.000000000000000000e+00,3.000000000000000000e+00
5.700000000000000000e+01,5.600000000000000000e+01,-9.700000000000000000e+01,2.781460000000000000e+05,6.323800000000000000e+04,3.226000000000000000e+04,1.424700000000000000e+04,5.198000000000000000e+03,1.886200000000000000e+04,1.249700000000000000e+04,7.420000000000000000e+02,0.000000000000000000e+00,5.000000000000000000e+00,6.000000000000000000e+00,7.000000000000000000e+00,3.000000000000000000e+00
6.400000000000000000e+01,4.000000000000000000e+01,4.190000000000000000e+02,4.452980000000000000e+05,1.208370000000000000e+05,7.872000000000000000e+03,1.036900000000000000e+04,2.602000000000000000e+03,6.284000000000000000e+04,2.663000000000000000e+03,1.030000000000000000e+03,0.000000000000000000e+00,5.000000000000000000e+00,6.000000000000000000e+00,7.000000000000000000e+00,3.000000000000000000e+00
6.900000000000000000e+01,3.800000000000000000e+01,3.200000000000000000e+01,1.947778000000000000e+06,1.679920000000000000e+05,2.324500000000000000e+04,3.398600000000000000e+04,1.067100000000000000e+04,3.683500000000000000e+04,1.033200000000000000e+04,2.047000000000000000e+03,0.000000000000000000e+00,5.000000000000000000e+00,6.000000000000000000e+00,7.000000000000000000e+00,3.000000000000000000e+00
6.900000000000000000e+01,3.800000000000000000e+01,1.800000000000000000e+01,6.769260000000000000e+05,4.736200000000000000e+04,1.065000000000000000e+04,6.343000000000000000e+03,1.918000000000000000e+03,4.197000000000000000e+03,2.966000000000000000e+03,3.980000000000000000e+02,0.000000000000000000e+00,5.000000000000000000e+00,6.000000000000000000e+00,7.000000000000000000e+00,3.000000000000000000e+00
5.700000000000000000e+01,4.800000000000000000e+01,-7.700000000000000000e+01,5.329810000000000000e+05,3.681500000000000000e+04,3.677100000000000000e+04,2.785200000000000000e+04,3.899000000000000000e+03,1.383200000000000000e+04,9.613000000000000000e+03,1.173000000000000000e+03,0.000000000000000000e+00,5.000000000000000000e+00,6.000000000000000000e+00,7.000000000000000000e+00,3.000000000000000000e+00
7.000000000000000000e+01,4.000000000000000000e+01,5.300000000000000000e+01,1.677540000000000000e+05,2.002200000000000000e+04,6.190000000000000000e+02,8.702000000000000000e+03,2.894000000000000000e+03,1.684800000000000000e+04,8.040000000000000000e+02,2.140000000000000000e+02,0.000000000000000000e+00,5.000000000000000000e+00,6.000000000000000000e+00,7.000000000000000000e+00,3.000000000000000000e+00
4.800000000000000000e+01,5.000000000000000000e+01,3.800000000000000000e+01,8.575130000000000000e+05,2.017170000000000000e+05,3.842600000000000000e+04,1.610700000000000000e+04,1.066000000000000000e+04,1.291100000000000000e+04,8.518000000000000000e+03,2.819000000000000000e+03,0.000000000000000000e+00,5.000000000000000000e+00,6.000000000000000000e+00,7.000000000000000000e+00,3.000000000000000000e+00
5.600000000000000000e+01,5.600000000000000000e+01,-2.010000000000000000e+02,1.505512000000000000e+06,4.580700000000000000e+04,2.946600000000000000e+04,1.032700000000000000e+04,7.227000000000000000e+03,3.328600000000000000e+04,8.490000000000000000e+03,5.280000000000000000e+02,0.000000000000000000e+00,5.000000000000000000e+00,6.000000000000000000e+00,7.000000000000000000e+00,3.000000000000000000e+00
5.600000000000000000e+01,5.600000000000000000e+01,-6.500000000000000000e+01,5.403300000000000000e+04,2.977000000000000000e+03,3.680000000000000000e+02,7.150000000000000000e+02,2.000000000000000000e+02,5.283000000000000000e+03,1.360000000000000000e+02,1.170000000000000000e+02,0.000000000000000000e+00,5.000000000000000000e+00,6.000000000000000000e+00,7.000000000000000000e+00,3.000000000000000000e+00
6.600000000000000000e+01,4.700000000000000000e+01,1.540000000000000000e+02,5.120060000000000000e+05,7.267000000000000000e+03,2.121000000000000000e+03,3.851000000000000000e+03,1.355000000000000000e+03,4.509000000000000000e+03,3.669000000000000000e+03,1.170000000000000000e+02,0.000000000000000000e+00,5.000000000000000000e+00,6.000000000000000000e+00,7.000000000000000000e+00,3.000000000000000000e+00
4.800000000000000000e+01,3.700000000000000000e+01,1.050000000000000000e+02,9.486990000000000000e+05,1.101600000000000000e+05,9.360000000000000000e+03,4.367000000000000000e+03,5.011000000000000000e+03,1.285200000000000000e+04,1.058200000000000000e+04,1.515000000000000000e+03,0.000000000000000000e+00,5.000000000000000000e+00,6.000000000000000000e+00,7.000000000000000000e+00,3.000000000000000000e+00
5.300000000000000000e+01,6.000000000000000000e+01,1.200000000000000000e+02,1.919584000000000000e+06,8.894300000000000000e+04,2.922530000000000000e+05,5.868800000000000000e+04,4.347900000000000000e+04,3.674300000000000000e+04,7.376700000000000000e+04,6.521000000000000000e+03,0.000000000000000000e+00,5.000000000000000000e+00,6.000000000000000000e+00,7.000000000000000000e+00,3.000000000000000000e+00
4.700000000000000000e+01,6.100000000000000000e+01,-3.740000000000000000e+02,5.509490000000000000e+05,5.330500000000000000e+04,2.836800000000000000e+04,2.464000000000000000e+04,1.688900000000000000e+04,2.110400000000000000e+04,7.208000000000000000e+03,2.106000000000000000e+03,0.000000000000000000e+00,5.000000000000000000e+00,6.000000000000000000e+00,7.000000000000000000e+00,3.000000000000000000e+00
4.000000000000000000e+01,4.300000000000000000e+01,2.600000000000000000e+02,7.020890000000000000e+05,1.208410000000000000e+05,5.428000000000000000e+03,7.264000000000000000e+03,1.407100000000000000e+04,2.628900000000000000e+04,1.024100000000000000e+04,2.437000000000000000e+03,0.000000000000000000e+00,5.000000000000000000e+00,6.000000000000000000e+00,7.000000000000000000e+00,3.000000000000000000e+00
3.800000000000000000e+01,5.700000000000000000e+01,-1.800000000000000000e+01,3.341580000000000000e+05,2.018500000000000000e+04,5.089000000000000000e+03,5.469000000000000000e+03,3.346000000000000000e+03,2.794000000000000000e+03,2.950000000000000000e+03,4.820000000000000000e+02,0.000000000000000000e+00,5.000000000000000000e+00,6.000000000000000000e+00,7.000000000000000000e+00,3.000000000000000000e+00
4.100000000000000000e+01,4.400000000000000000e+01,-1.420000000000000000e+02,4.719540000000000000e+05,4.992500000000000000e+04,1.883000000000000000e+04,2.527800000000000000e+04,1.196800000000000000e+04,1.118900000000000000e+04,1.653700000000000000e+04,1.049000000000000000e+03,0.000000000000000000e+00,5.000000000000000000e+00,6.000000000000000000e+00,7.000000000000000000e+00,3.000000000000000000e+00
4.100000000000000000e+01,5.000000000000000000e+01,-6.000000000000000000e+01,8.328880000000000000e+05,1.602800000000000000e+04,1.729700000000000000e+04,1.678200000000000000e+04,1.054800000000000000e+04,1.048500000000000000e+04,2.264000000000000000e+04,6.190000000000000000e+02,0.000000000000000000e+00,5.000000000000000000e+00,6.000000000000000000e+00,7.000000000000000000e+00,3.000000000000000000e+00
4.100000000000000000e+01,7.500000000000000000e+01,2.960000000000000000e+02,1.222700000000000000e+05,8.449100000000000000e+04,5.187000000000000000e+04,3.614400000000000000e+04,6.303000000000000000e+03,3.073600000000000000e+04,7.976000000000000000e+03,9.280000000000000000e+02,0.000000000000000000e+00,5.000000000000000000e+00,6.000000000000000000e+00,7.000000000000000000e+00,3.000000000000000000e+00
4.300000000000000000e+01,7.400000000000000000e+01,5.100000000000000000e+01,1.180997000000000000e+06,9.832700000000000000e+04,9.221000000000000000e+03,3.589000000000000000e+04,4.691000000000000000e+03,1.348600000000000000e+04,1.167700000000000000e+04,1.170000000000000000e+03,0.000000000000000000e+00,5.000000000000000000e+00,6.000000000000000000e+00,7.000000000000000000e+00,3.000000000000000000e+00
4.100000000000000000e+01,6.600000000000000000e+01,-1.010000000000000000e+02,5.003100000000000000e+05,1.903060000000000000e+05,3.310900000000000000e+04,3.885600000000000000e+04,3.114000000000000000e+03,2.669200000000000000e+04,4.507000000000000000e+03,8.110000000000000000e+02,0.000000000000000000e+00,5.000000000000000000e+00,6.000000000000000000e+00,7.000000000000000000e+00,3.000000000000000000e+00
4.300000000000000000e+01,5.600000000000000000e+01,-3.000000000000000000e+01,1.020609000000000000e+06,2.454080000000000000e+05,6.720600000000000000e+04,9.732000000000000000e+04,9.380900000000000000e+04,9.868200000000000000e+04,4.992700000000000000e+04,6.195000000000000000e+03,0.000000000000000000e+00,5.000000000000000000e+00,6.000000000000000000e+00,7.000000000000000000e+00,3.000000000000000000e+00
4.000000000000000000e+01,5.600000000000000000e+01,1.530000000000000000e+02,1.247072000000000000e+06,1.625410000000000000e+05,4.139800000000000000e+04,1.116630000000000000e+05,2.183700000000000000e+04,4.286000000000000000e+04,3.527600000000000000e+04,5.035000000000000000e+03,0.000000000000000000e+00,5.000000000000000000e+00,6.000000000000000000e+00,7.000000000000000000e+00,3.000000000000000000e+00
4.400000000000000000e+01,6.700000000000000000e+01,1.700000000000000000e+01,3.510020000000000000e+05,8.366000000000000000e+03,4.487000000000000000e+03,7.927000000000000000e+03,1.148000000000000000e+03,3.468000000000000000e+03,6.581000000000000000e+03,5.470000000000000000e+02,0.000000000000000000e+00,5.000000000000000000e+00,6.000000000000000000e+00,7.000000000000000000e+00,3.000000000000000000e+00
4.000000000000000000e+01,7.400000000000000000e+01,-8.800000000000000000e+01,1.484460000000000000e+06,9.414700000000000000e+04,4.831200000000000000e+04,2.419200000000000000e+04,2.203900000000000000e+04,9.231000000000000000e+03,1.087100000000000000e+04,5.620000000000000000e+02,0.000000000000000000e+00,5.000000000000000000e+00,6.000000000000000000e+00,7.000000000000000000e+00,3.000000000000000000e+00
4.000000000000000000e+01,8.000000000000000000e+01,1.800000000000000000e+02,1.236563000000000000e+06,2.585300000000000000e+04,1.018400000000000000e+04,2.115000000000000000e+04,7.212000000000000000e+03,1.339000000000000000e+04,1.160300000000000000e+04,3.029000000000000000e+03,0.000000000000000000e+00,5.000000000000000000e+00,6.000000000000000000e+00,7.000000000000000000e+00,3.000000000000000000e+00
4.300000000000000000e+01,7.700000000000000000e+01,2.920000000000000000e+02,1.312205000000000000e+06,1.373340000000000000e+05,3.095500000000000000e+04,7.044500000000000000e+04,1.047700000000000000e+04,4.119000000000000000e+04,6.494000000000000000e+03,2.427000000000000000e+03,0.000000000000000000e+00,5.000000000000000000e+00,6.000000000000000000e+00,7.000000000000000000e+00,3.000000000000000000e+00
4.100000000000000000e+01,7.400000000000000000e+01,5.200000000000000000e+01,9.589020000000000000e+05,3.258950000000000000e+05,1.068670000000000000e+05,1.977970000000000000e+05,2.446800000000000000e+04,8.335700000000000000e+04,4.696200000000000000e+04,2.875000000000000000e+03,0.000000000000000000e+00,5.000000000000000000e+00,6.000000000000000000e+00,7.000000000000000000e+00,3.000000000000000000e+00
4.400000000000000000e+01,6.900000000000000000e+01,-1.210000000000000000e+02,6.789500000000000000e+05,8.833800000000000000e+04,1.019900000000000000e+04,2.711300000000000000e+04,6.126000000000000000e+03,1.049200000000000000e+04,1.290900000000000000e+04,2.603000000000000000e+03,0.000000000000000000e+00,5.000000000000000000e+00,6.000000000000000000e+00,7.000000000000000000e+00,3.000000000000000000e+00
2.900000000000000000e+01,7.400000000000000000e+01,-5.300000000000000000e+01,1.864230000000000000e+05,1.027800000000000000e+05,7.216300000000000000e+04,3.726100000000000000e+04,4.812000000000000000e+03,1.281700000000000000e+04,8.329000000000000000e+03,1.269000000000000000e+03,0.000000000000000000e+00,5.000000000000000000e+00,6.000000000000000000e+00,7.000000000000000000e+00,3.000000000000000000e+00
2.100000000000000000e+01,7.700000000000000000e+01,2.160000000000000000e+02,3.197750000000000000e+05,1.603400000000000000e+04,1.161100000000000000e+04,3.080000000000000000e+03,1.470000000000000000e+03,2.815000000000000000e+03,5.261000000000000000e+03,5.190000000000000000e+02,0.000000000000000000e+00,5.000000000000000000e+00,6.000000000000000000e+00,7.000000000000000000e+00,3.000000000000000000e+00
1.600000000000000000e+01,7.000000000000000000e+01,4.420000000000000000e+02,1.912291000000000000e+06,5.480000000000000000e+04,3.876000000000000000e+03,2.815600000000000000e+04,7.815000000000000000e+03,6.235000000000000000e+03,5.890000000000000000e+03,1.778000000000000000e+03,0.000000000000000000e+00,5.000000000000000000e+00,6.000000000000000000e+00,7.000000000000000000e+00,3.000000000000000000e+00
1.100000000000000000e+01,7.700000000000000000e+01,5.300000000000000000e+01,1.162034000000000000e+06,9.759000000000000000e+04,6.382700000000000000e+04,1.164500000000000000e+04,8.121000000000000000e+03,9.856000000000000000e+03,1.219100000000000000e+04,2.101000000000000000e+03,0.000000000000000000e+00,5.000000000000000000e+00,6.000000000000000000e+00,7.000000000000000000e+00,3.000000000000000000e+00
2.300000000000000000e+01,6.700000000000000000e+01,-3.600000000000000000e+01,1.671110000000000000e+05,7.760400000000000000e+04,1.205000000000000000e+03,4.646500000000000000e+04,3.798000000000000000e+03,2.496000000000000000e+04,1.019600000000000000e+04,1.328000000000000000e+03,0.000000000000000000e+00,5.000000000000000000e+00,6.000000000000000000e+00,7.000000000000000000e+00,3.000000000000000000e+00
3.700000000000000000e+01,7.000000000000000000e+01,1.230000000000000000e+02,9.472000000000000000e+04,4.612000000000000000e+03,5.419000000000000000e+03,4.329000000000000000e+03,2.146000000000000000e+03,4.090000000000000000e+03,2.077000000000000000e+03,4.170000000000000000e+02,0.000000000000000000e+00,5.000000000000000000e+00,6.000000000000000000e+00,7.000000000000000000e+00,3.000000000000000000e+00
3.400000000000000000e+01,8.000000000000000000e+01,0.000000000000000000e+00,4.680200000000000000e+05,7.552200000000000000e+04,4.857400000000000000e+04,5.110100000000000000e+04,1.272200000000000000e+04,8.862000000000000000e+03,1.231100000000000000e+04,1.711000000000000000e+03,0.000000000000000000e+00,5.000000000000000000e+00,6.000000000000000000e+00,7.000000000000000000e+00,3.000000000000000000e+00
3.800000000000000000e+01,8.100000000000000000e+01,-1.170000000000000000e+02,8.311230000000000000e+05,7.846000000000000000e+04,6.195100000000000000e+04,2.629100000000000000e+04,1.782500000000000000e+04,1.627000000000000000e+04,2.914300000000000000e+04,4.918000000000000000e+03,0.000000000000000000e+00,5.000000000000000000e+00,6.000000000000000000e+00,7.000000000000000000e+00,3.000000000000000000e+00
4.000000000000000000e+01,8.800000000000000000e+01,-3.300000000000000000e+02,2.028490000000000000e+05,5.062000000000000000e+03,1.093000000000000000e+03,7.601000000000000000e+03,2.011000000000000000e+03,3.145000000000000000e+03,2.232000000000000000e+03,3.520000000000000000e+02,0.000000000000000000e+00,5.000000000000000000e+00,6.000000000000000000e+00,7.000000000000000000e+00,3.000000000000000000e+00
2.700000000000000000e+01,7.800000000000000000e+01,1.210000000000000000e+02,1.511320000000000000e+05,1.269400000000000000e+04,2.397000000000000000e+03,4.615000000000000000e+03,2.237000000000000000e+03,1.811000000000000000e+03,2.866000000000000000e+03,8.070000000000000000e+02,0.000000000000000000e+00,5.000000000000000000e+00,6.000000000000000000e+00,7.000000000000000000e+00,3.000000000000000000e+00
5.100000000000000000e+01,6.700000000000000000e+01,3.600000000000000000e+01,1.770270000000000000e+05,5.499000000000000000e+03,1.744000000000000000e+03,6.484000000000000000e+03,4.700000000000000000e+03,6.335000000000000000e+03,3.100000000000000000e+03,3.120000000000000000e+02,0.000000000000000000e+00,5.000000000000000000e+00,6.000000000000000000e+00,7.000000000000000000e+00,3.000000000000000000e+00
4.300000000000000000e+01,4.800000000000000000e+01,-2.300000000000000000e+01,1.496588000000000000e+06,8.009980000000000000e+05,1.787900000000000000e+04,8.811900000000000000e+04,2.674700000000000000e+04,3.599200000000000000e+04,6.097200000000000000e+04,8.257000000000000000e+03,0.000000000000000000e+00,5.000000000000000000e+00,6.000000000000000000e+00,7.000000000000000000e+00,3.000000000000000000e+00
3.400000000000000000e+01,4.100000000000000000e+01,2.700000000000000000e+01,1.565130000000000000e+05,3.066600000000000000e+04,9.951000000000000000e+03,9.086000000000000000e+03,9.540000000000000000e+02,4.221000000000000000e+03,3.501000000000000000e+03,5.760000000000000000e+02,0.000000000000000000e+00,5.000000000000000000e+00,6.000000000000000000e+00,7.000000000000000000e+00,3.000000000000000000e+00
2.700000000000000000e+01,2.600000000000000000e+01,-1.540000000000000000e+02,1.792512000000000000e+06,9.282500000000000000e+05,5.949000000000000000e+04,4.148000000000000000e+04,3.245400000000000000e+04,6.474000000000000000e+04,9.601700000000000000e+04,9.703000000000000000e+03,0.000000000000000000e+00,5.000000000000000000e+00,6.000000000000000000e+00,7.000000000000000000e+00,3.000000000000000000e+00
1.400000000000000000e+01,3.700000000000000000e+01,-1.170000000000000000e+02,7.573290000000000000e+05,4.541000000000000000e+04,2.317500000000000000e+04,6.107800000000000000e+04,1.025100000000000000e+04,1.538000000000000000e+04,5.036000000000000000e+03,2.144000000000000000e+03,0.000000000000000000e+00,5.000000000000000000e+00,6.000000000000000000e+00,7.000000000000000000e+00,3.000000000000000000e+00
2.900000000000000000e+01,6.900000000000000000e+01,2.790000000000000000e+02,2.105609000000000000e+06,7.224300000000000000e+04,3.188770000000000000e+05,1.898240000000000000e+05,3.090900000000000000e+04,9.182200000000000000e+04,3.203400000000000000e+04,2.730000000000000000e+03,0.000000000000000000e+00,5.000000000000000000e+00,6.000000000000000000e+00,7.000000000000000000e+00,3.000000000000000000e+00
3.800000000000000000e+01,6.900000000000000000e+01,2.900000000000000000e+02,1.732513000000000000e+06,1.346520000000000000e+05,4.764000000000000000e+03,9.416300000000000000e+04,1.793500000000000000e+04,4.526100000000000000e+04,4.279000000000000000e+04,5.468000000000000000e+03,0.000000000000000000e+00,5.000000000000000000e+00,6.000000000000000000e+00,7.000000000000000000e+00,3.000000000000000000e+00
3.800000000000000000e+01,9.300000000000000000e+01,2.330000000000000000e+02,5.529420000000000000e+05,3.351670000000000000e+05,7.528400000000000000e+04,3.345990000000000000e+05,9.390500000000000000e+04,5.138300000000000000e+04,3.618100000000000000e+04,5.347000000000000000e+03,0.000000000000000000e+00,5.000000000000000000e+00,6.000000000000000000e+00,7.000000000000000000e+00,3.000000000000000000e+00
3.800000000000000000e+01,8.400000000000000000e+01,-8.600000000000000000e+01,5.869330000000000000e+05,2.509900000000000000e+04,1.451800000000000000e+04,9.775000000000000000e+03,7.522000000000000000e+03,6.095000000000000000e+03,1.424000000000000000e+03,8.390000000000000000e+02,0.000000000000000000e+00,5.000000000000000000e+00,6.000000000000000000e+00,7.000000000000000000e+00,3.000000000000000000e+00
3.800000000000000000e+01,8.400000000000000000e+01,2.510000000000000000e+02,2.258830000000000000e+05,6.018600000000000000e+04,1.415000000000000000e+04,4.920000000000000000e+03,3.227000000000000000e+03,7.635000000000000000e+03,2.245000000000000000e+03,4.770000000000000000e+02,0.000000000000000000e+00,5.000000000000000000e+00,6.000000000000000000e+00,7.000000000000000000e+00,3.000000000000000000e+00
2.400000000000000000e+01,6.600000000000000000e+01,1.200000000000000000e+02,1.790740000000000000e+05,8.937000000000000000e+04,3.172700000000000000e+04,1.945800000000000000e+04,5.393000000000000000e+03,6.685000000000000000e+03,1.419300000000000000e+04,1.165000000000000000e+03,0.000000000000000000e+00,5.000000000000000000e+00,6.000000000000000000e+00,7.000000000000000000e+00,3.000000000000000000e+00
1.400000000000000000e+01,7.400000000000000000e+01,-4.860000000000000000e+02,2.703210000000000000e+05,5.264200000000000000e+04,3.511200000000000000e+04,2.578900000000000000e+04,4.679000000000000000e+03,7.846000000000000000e+03,1.348700000000000000e+04,1.321000000000000000e+03,0.000000000000000000e+00,5.000000000000000000e+00,6.000000000000000000e+00,7.000000000000000000e+00,3.000000000000000000e+00
1.100000000000000000e+01,7.400000000000000000e+01,-1.660000000000000000e+02,7.613400000000000000e+04,2.081800000000000000e+04,1.255000000000000000e+03,1.721000000000000000e+04,1.996000000000000000e+03,1.889000000000000000e+03,3.530000000000000000e+03,3.250000000000000000e+02,0.000000000000000000e+00,5.000000000000000000e+00,6.000000000000000000e+00,7.000000000000000000e+00,3.000000000000000000e+00
1.100000000000000000e+01,7.800000000000000000e+01,3.400000000000000000e+01,1.570300000000000000e+05,8.054000000000000000e+03,8.949000000000000000e+03,2.558000000000000000e+03,2.255000000000000000e+03,2.480000000000000000e+03,2.551000000000000000e+03,2.120000000000000000e+02,0.000000000000000000e+00,5.000000000000000000e+00,6.000000000000000000e+00,7.000000000000000000e+00,3.000000000000000000e+00
2.600000000000000000e+01,8.000000000000000000e+01,1.230000000000000000e+02,1.469724000000000000e+06,2.891600000000000000e+04,5.281000000000000000e+03,2.136300000000000000e+04,2.632000000000000000e+03,1.077700000000000000e+04,1.655100000000000000e+04,1.370000000000000000e+03,0.000000000000000000e+00,5.000000000000000000e+00,6.000000000000000000e+00,7.000000000000000000e+00,3.000000000000000000e+00
2.300000000000000000e+01,6.600000000000000000e+01,-8.600000000000000000e+01,8.260410000000000000e+05,1.854110000000000000e+05,3.573000000000000000e+04,1.772100000000000000e+04,6.364000000000000000e+03,1.280800000000000000e+04,8.855000000000000000e+03,1.571000000000000000e+03,0.000000000000000000e+00,5.000000000000000000e+00,6.000000000000000000e+00,7.000000000000000000e+00,3.000000000000000000e+00
3.500000000000000000e+01,5.700000000000000000e+01,-2.060000000000000000e+02,1.413365000000000000e+06,6.530120000000000000e+05,1.955510000000000000e+05,7.004200000000000000e+04,7.738900000000000000e+04,1.417180000000000000e+05,7.191000000000000000e+04,5.429000000000000000e+03,0.000000000000000000e+00,5.000000000000000000e+00,6.000000000000000000e+00,7.000000000000000000e+00,3.000000000000000000e+00
3.500000000000000000e+01,5.100000000000000000e+01,1.670000000000000000e+02,9.742200000000000000e+04,2.294300000000000000e+04,5.284000000000000000e+03,1.198700000000000000e+04,3.285000000000000000e+03,4.764000000000000000e+03,1.755000000000000000e+03,5.290000000000000000e+02,0.000000000000000000e+00,5.000000000000000000e+00,6.000000000000000000e+00,7.000000000000000000e+00,3.000000000000000000e+00
2.700000000000000000e+01,4.700000000000000000e+01,1.790000000000000000e+02,1.172860000000000000e+05,2.738300000000000000e+04,3.952000000000000000e+03,1.005100000000000000e+04,3.109000000000000000e+03,4.403000000000000000e+03,1.785000000000000000e+03,5.140000000000000000e+02,0.000000000000000000e+00,5.000000000000000000e+00,6.000000000000000000e+00,7.000000000000000000e+00,3.000000000000000000e+00
2.700000000000000000e+01,4.700000000000000000e+01,-4.900000000000000000e+01,2.315530000000000000e+05,1.902300000000000000e+04,1.247000000000000000e+04,3.596000000000000000e+03,1.015000000000000000e+03,1.631600000000000000e+04,5.940000000000000000e+02,2.450000000000000000e+02,0.000000000000000000e+00,5.000000000000000000e+00,6.000000000000000000e+00,7.000000000000000000e+00,3.000000000000000000e+00
2.700000000000000000e+01,6.000000000000000000e+01,-3.420000000000000000e+02,1.976341000000000000e+06,3.174720000000000000e+05,1.357040000000000000e+05,2.156640000000000000e+05,1.279500000000000000e+04,3.340000000000000000e+04,4.619900000000000000e+04,6.193000000000000000e+03,0.000000000000000000e+00,5.000000000000000000e+00,6.000000000000000000e+00,7.000000000000000000e+00,3.000000000000000000e+00
3.000000000000000000e+01,6.900000000000000000e+01,2.080000000000000000e+02,2.459730000000000000e+05,7.532000000000000000e+03,4.138000000000000000e+03,6.230000000000000000e+03,2.083000000000000000e+03,3.434000000000000000e+03,2.267000000000000000e+03,2.190000000000000000e+02,0.000000000000000000e+00,5.000000000000000000e+00,6.000000000000000000e+00,7.000000000000000000e+00,3.000000000000000000e+00
3.000000000000000000e+01,6.900000000000000000e+01,3.500000000000000000e+01,7.324500000000000000e+05,4.939800000000000000e+04,9.333000000000000000e+03,2.776000000000000000e+04,1.499400000000000000e+04,1.101900000000000000e+04,1.403500000000000000e+04,3.604000000000000000e+03,0.000000000000000000e+00,5.000000000000000000e+00,6.000000000000000000e+00,7.000000000000000000e+00,3.000000000000000000e+00
2.600000000000000000e+01,7.500000000000000000e+01,-1.140000000000000000e+02,4.558820000000000000e+05,4.040170000000000000e+05,2.993160000000000000e+05,1.223820000000000000e+05,1.174020000000000000e+05,5.729600000000000000e+04,7.560000000000000000e+04,6.186000000000000000e+04,0.000000000000000000e+00,5.000000000000000000e+00,6.000000000000000000e+00,7.000000000000000000e+00,3.000000000000000000e+00
4.000000000000000000e+01,6.100000000000000000e+01,-6.600000000000000000e+01,3.674575000000000000e+06,4.439600000000000000e+05,1.481280000000000000e+05,1.726600000000000000e+04,7.670500000000000000e+04,1.171200000000000000e+05,5.145300000000000000e+04,6.545000000000000000e+03,0.000000000000000000e+00,5.000000000000000000e+00,6.000000000000000000e+00,7.000000000000000000e+00,3.000000000000000000e+00
3.700000000000000000e+01,6.400000000000000000e+01,3.310000000000000000e+02,9.761660000000000000e+05,2.486500000000000000e+05,2.264950000000000000e+05,1.353230000000000000e+05,1.799100000000000000e+04,7.601500000000000000e+04,8.040200000000000000e+04,8.047000000000000000e+03,0.000000000000000000e+00,5.000000000000000000e+00,6.000000000000000000e+00,7.000000000000000000e+00,3.000000000000000000e+00
4.000000000000000000e+01,7.000000000000000000e+01,1.050000000000000000e+02,1.453619000000000000e+06,4.626000000000000000e+04,2.778700000000000000e+04,3.828600000000000000e+04,9.577000000000000000e+03,1.932600000000000000e+04,1.107900000000000000e+04,2.868000000000000000e+03,0.000000000000000000e+00,5.000000000000000000e+00,6.000000000000000000e+00,7.000000000000000000e+00,3.000000000000000000e+00
4.000000000000000000e+01,6.300000000000000000e+01,-5.200000000000000000e+01,1.169618000000000000e+06,7.874270000000000000e+05,1.708060000000000000e+05,1.157890000000000000e+05,1.690900000000000000e+04,7.842100000000000000e+04,1.066050000000000000e+05,3.205000000000000000e+03,0.000000000000000000e+00,5.000000000000000000e+00,6.000000000000000000e+00,7.000000000000000000e+00,3.000000000000000000e+00
